{"cameraMode":{"drawMode":0,"name":"Shaded","section":"Shading Mode"},"sceneLighting":true,"audioPlay":false,"sceneViewState":{"m_AlwaysRefresh":false,"showFog":true,"showSkybox":false,"showFlares":true,"showImageEffects":true,"showParticleSystems":true,"showVisualEffectGraphs":true,"m_FxEnabled":true},"in2DMode":false,"pivot":{"x":-338.239990234375,"y":70.83000183105469,"z":-253.90957641601563},"rotation":{"x":0.3229098916053772,"y":-0.006534314248710871,"z":0.0022300954442471267,"w":0.9464067220687866},"size":2.1813671588897707,"orthographic":false}