{"cameraMode":{"drawMode":0,"name":"Shaded","section":"Shading Mode"},"sceneLighting":true,"audioPlay":false,"sceneViewState":{"m_AlwaysRefresh":false,"showFog":true,"showSkybox":true,"showFlares":true,"showImageEffects":true,"showParticleSystems":true,"showVisualEffectGraphs":true,"m_FxEnabled":true},"in2DMode":false,"pivot":{"x":-374.9088439941406,"y":97.10376739501953,"z":-13.690954208374024},"rotation":{"x":0.01004057191312313,"y":0.9847011566162109,"z":-0.060635458678007129,"w":0.16305576264858247},"size":26.451892852783204,"orthographic":true}